11:52:48	885
11:53:18	895
11:53:49	951
11:54:18	972
11:54:48	991
11:55:19	1011
11:55:48	1042
11:56:18	1079
11:56:49	1121
11:57:19	1155
11:57:49	1194
11:58:23	1232
11:58:51	1272
11:59:21	1307
11:59:51	1348
12:00:20	1388
12:00:50	1424
12:01:20	1459
12:01:49	1499
12:02:19	1529
12:02:49	1569
12:03:19	1599
12:03:49	1633
12:04:19	1662
12:04:49	1696
12:05:20	1725
12:05:51	1753
12:06:19	1785
12:06:49	1812
12:07:20	1844
12:07:50	1874
12:08:49	1923
12:09:50	1986
12:10:52	2051
12:11:21	2086
12:12:50	2173
12:13:20	2206
12:13:50	2233
12:14:21	2265
12:14:50	2295
12:15:20	2326
12:15:50	2362
12:16:50	2404
12:17:20	2425
12:17:50	2445
12:18:20	2468
12:18:50	2491
12:19:24	2512
12:19:50	2536
12:20:20	2562
12:20:51	2593
12:21:23	2623
12:21:51	2648
12:22:21	2679
12:22:51	2705
