t_h,T_cama_C,T_aire_C,CO2_ppm,CH4_ppm,T_cama_sensor,T_aire_sensor,CO2_sensor_ppm,CH4_sensor_ppm
0.000000000000000000e+00,2.600000000000000000e+01,2.500000000000000000e+01,4.200000000000000000e+02,1.999999999999999778e+00,2.609141512392632833e+01,2.506240189431024845e+01,4.305311794935606713e+02,2.144230479118624189e+00
1.000000000000000000e+00,2.571708691815103620e+01,2.531640025471096322e+01,2.513038573789870952e+03,1.979793168479413268e+01,2.540509168627888670e+01,2.554746266193230397e+01,2.539376521498026705e+03,1.930224617337317383e+01
2.000000000000000000e+00,2.547909526071618558e+01,2.521147886576033059e+01,2.772278159651250462e+03,2.142764130305655002e+01,2.570423061945812293e+01,2.533323116020521937e+01,2.970435247793858707e+03,1.965440183624997772e+01
3.000000000000000000e+00,2.527870068618754118e+01,2.512313217524818754e+01,2.788274916595115428e+03,2.096834161176302302e+01,2.556087010110490354e+01,2.466487427352856798e+01,2.823422956497035557e+03,1.987269993667154111e+01
4.000000000000000000e+00,2.511016493334819444e+01,2.504883045437545874e+01,2.775876967647766378e+03,2.031359396566931608e+01,2.452485437675204238e+01,2.510970380018151005e+01,2.808163454251183794e+03,1.927653912493776645e+01
5.000000000000000000e+00,2.496865044605646844e+01,2.498644098282817083e+01,2.763699206391437656e+03,1.970804406746050219e+01,2.457799659399777426e+01,2.500084769747468627e+01,2.749859048752469334e+03,1.975945577062291747e+01
6.000000000000000000e+00,2.485007113125254818e+01,2.493416240072117418e+01,2.755151390317223104e+03,1.917406487335336962e+01,2.488842325220273466e+01,2.501694045779571240e+01,2.822661625300097512e+03,1.891152350540615856e+01
7.000000000000000000e+00,2.475097071938812832e+01,2.489047100149711866e+01,2.750258392607234782e+03,1.870510176249996803e+01,2.465609794168505431e+01,2.521371293782735989e+01,2.801832767232054266e+03,1.839007795092095066e+01
8.000000000000000000e+00,2.466842266596921363e+01,2.485407661566858550e+01,2.748625059488493207e+03,1.829188449444867715e+01,2.466338231871792530e+01,2.444142896030763623e+01,2.851840741272415471e+03,1.885866033312809265e+01
9.000000000000000000e+00,2.459994686293159205e+01,2.482388588872360202e+01,2.749845258432348601e+03,1.792594979778553821e+01,2.434403368465951800e+01,2.470566520368538121e+01,2.706838537754543268e+03,1.823057923089777077e+01
1.000000000000000000e+01,2.454344044814897430e+01,2.479897177693241517e+01,2.753544867334597257e+03,1.759990507268364013e+01,2.480725984060782352e+01,2.491715304149108690e+01,2.717577446964878163e+03,1.787802569877180048e+01
1.100000000000000000e+01,2.449711904012925245e+01,2.477854763966937313e+01,2.759406434551076927e+03,1.730753178889156985e+01,2.473045662075793771e+01,2.446222875977858635e+01,2.719745223372226519e+03,1.766218774155200677e+01
1.200000000000000000e+01,2.445946780337361304e+01,2.476194566599859925e+01,2.767154627481674197e+03,1.704355283593975301e+01,2.447927701264197609e+01,2.505713547560930010e+01,2.832802746747101537e+03,1.756860902434727123e+01
1.300000000000000000e+01,2.442920315824118305e+01,2.474859999407525990e+01,2.776547038664527918e+03,1.680346280074846632e+01,2.476737552033159417e+01,2.482227131661539232e+01,2.901356252115023381e+03,1.503241702253493273e+01
1.400000000000000000e+01,2.440523447533274748e+01,2.473802982394968453e+01,2.787377636701146457e+03,1.658347245213263577e+01,2.454548727800836261e+01,2.490734662111836428e+01,2.749008784818628101e+03,1.628128986628608388e+01
1.500000000000000000e+01,2.438663436396176110e+01,2.472982631918387852e+01,2.799471467926705373e+03,1.638039733135744669e+01,2.412884662509678790e+01,2.461563758687951875e+01,2.763797209988256327e+03,1.459476197524934626e+01
1.600000000000000000e+01,2.437262284430581616e+01,2.472364562898925655e+01,2.812680222236461759e+03,1.619157707555751458e+01,2.448324807953056492e+01,2.488639836698249752e+01,2.839182186111467672e+03,1.622077042976178873e+01
1.700000000000000000e+01,2.436253029103632173e+01,2.471919255192299048e+01,2.826876634852913867e+03,1.601474423868802077e+01,2.407486551078762105e+01,2.493288686312079960e+01,2.806034511588927671e+03,1.601103444542613019e+01
1.800000000000000000e+01,2.435578439875470025e+01,2.471621478997454346e+01,2.841950603289229093e+03,1.584797134642722227e+01,2.461931948914688206e+01,2.476279039400197846e+01,2.923121286906367914e+03,1.667644962305881151e+01
1.900000000000000000e+01,2.435190010040088637e+01,2.471449850351351429e+01,2.857808672325592397e+03,1.568963790249403445e+01,2.433692232710501102e+01,2.476137868205325177e+01,2.664754212247284158e+03,1.662131558161117439e+01
2.000000000000000000e+01,2.435046617972822247e+01,2.471386241000274708e+01,2.874371605152193752e+03,1.553838849836235525e+01,2.429500747066464328e+01,2.476793105785909077e+01,2.803083879771375905e+03,1.569592837223832937e+01
2.100000000000000000e+01,2.435113631489627295e+01,2.471415383514873199e+01,2.891572892460211733e+03,1.539309013685896765e+01,2.414685745157509089e+01,2.454148478220085394e+01,2.823700476603181414e+03,1.500798497859165082e+01
2.200000000000000000e+01,2.435361786187178623e+01,2.471524376803739642e+01,2.909357061825498022e+03,1.525278804337378524e+01,2.472038026347399509e+01,2.468573803198932737e+01,2.706834737307951400e+03,1.562279102420116317e+01
2.300000000000000000e+01,2.435766087063691998e+01,2.471702201956902201e+01,2.927676688481367819e+03,1.511667591204742678e+01,2.431130202601627843e+01,2.468651751307854880e+01,2.843040034190277765e+03,1.471765792046315546e+01
2.400000000000000000e+01,2.436305198548581785e+01,2.471939453259471975e+01,2.946492530229638305e+03,1.498406181188991582e+01,2.423455363883688563e+01,2.479607330546541988e+01,2.865597510449618312e+03,1.498301843312443893e+01
2.500000000000000000e+01,2.436961175472592345e+01,2.472228219683779571e+01,2.965770441801326342e+03,1.485437879866613820e+01,2.426397168957945283e+01,2.492224704621985509e+01,2.947877534598907914e+03,1.558680091862897399e+01
2.600000000000000000e+01,2.437717990762886089e+01,2.472561435749153702e+01,2.985481326300904584e+03,1.472711169179866175e+01,2.453687266329486505e+01,2.451390714109585645e+01,3.085163492891751048e+03,1.431639364625510602e+01
2.700000000000000000e+01,2.438562998730688847e+01,2.472933526647960889e+01,3.005601978618186877e+03,1.460186950091418723e+01,2.449526320661611223e+01,2.470433346041569322e+01,2.983505335275179732e+03,1.519009021840884444e+01
2.800000000000000000e+01,2.439484399839712481e+01,2.473339290591184181e+01,3.026111163886612758e+03,1.447828126806024152e+01,2.451866378187592233e+01,2.502968401544363530e+01,2.932530456682611657e+03,1.496866164542504940e+01
2.900000000000000000e+01,2.440473250969375840e+01,2.473774785022146716e+01,3.046993827552341372e+03,1.435607097519596920e+01,2.453397881059612473e+01,2.458903020445895393e+01,3.041787623486480697e+03,1.367071802053264840e+01
3.000000000000000000e+01,2.441521269776700720e+01,2.474236358676752445e+01,3.068236123198445512e+03,1.423498088367047743e+01,2.505770697802814695e+01,2.457791358330945997e+01,3.164809495342843547e+03,1.492814909856515904e+01
3.100000000000000000e+01,2.442621985728729328e+01,2.474721158998271164e+01,3.089828497370271180e+03,1.411480112295725320e+01,2.430429535237190919e+01,2.478767282834894914e+01,2.999362136501523764e+03,1.460780737476274638e+01
3.200000000000000000e+01,2.443769655772650395e+01,2.475226654141354032e+01,3.111762866290581769e+03,1.399534734386396551e+01,2.428402373900504330e+01,2.492114357951060555e+01,3.026758072967673343e+03,1.406667175371955913e+01
3.300000000000000000e+01,2.444959555846290655e+01,2.475750761505396724e+01,3.134032498402710189e+03,1.387647776954819889e+01,2.420546373998854150e+01,2.475979282616609822e+01,3.186547816112142755e+03,1.334755954362190877e+01
3.400000000000000000e+01,2.446187600360504533e+01,2.476291679928797862e+01,3.156632631799166120e+03,1.375806094938767998e+01,2.464666983037769299e+01,2.502870891737537562e+01,3.135653387838029630e+03,1.316701051080550933e+01
3.500000000000000000e+01,2.447450546736717669e+01,2.476847979863341109e+01,3.179560200640881703e+03,1.363999436727427295e+01,2.481319715518344537e+01,2.493983859514671764e+01,3.241321697234005569e+03,1.327330864125170429e+01
3.600000000000000000e+01,2.448745074503297658e+01,2.477418197454271009e+01,3.202811654375084345e+03,1.352217552373948450e+01,2.445326650773651522e+01,2.494254598792072386e+01,3.201500411260880355e+03,1.388902840228163882e+01
3.700000000000000000e+01,2.450068982739750822e+01,2.478001362371988492e+01,3.226386446763071490e+03,1.340452982811581961e+01,2.424864288430875092e+01,2.489083692398470404e+01,3.294301589294546829e+03,1.276404452506930909e+01
3.800000000000000000e+01,2.451420173091493382e+01,2.478596549500466395e+01,3.250284259680147898e+03,1.328698581342507445e+01,2.426685736620756018e+01,2.525149611507388059e+01,3.149355316631976621e+03,1.357764676545567184e+01
3.900000000000000000e+01,2.452796467427240401e+01,2.479202798555033738e+01,3.274504521907333583e+03,1.316947060218685905e+01,2.472314251061981594e+01,2.475099564777712757e+01,3.273317384597778073e+03,1.235180745555351045e+01
4.000000000000000000e+01,2.454196985476895065e+01,2.479819721410853717e+01,3.299049421843148593e+03,1.305195167306288262e+01,2.476494610612998315e+01,2.439749275569523590e+01,3.278197118740961741e+03,1.291877700795857287e+01
4.100000000000000000e+01,2.455620202297257393e+01,2.480446645732754973e+01,3.323920120188355668e+03,1.293437274364435119e+01,2.471914830346413083e+01,2.512531732963097753e+01,3.202674390990831853e+03,1.300528399005254521e+01
4.200000000000000000e+01,2.457065155967115544e+01,2.481083147385674792e+01,3.349118992931347293e+03,1.281669443689850318e+01,2.437099864748454792e+01,2.471929158766538137e+01,3.192030782224256654e+03,1.438361873328197582e+01
4.300000000000000000e+01,2.458531264691147911e+01,2.481728969799578621e+01,3.374649268323379601e+03,1.269888797262586166e+01,2.465496104383149500e+01,2.483886578686439250e+01,3.444074142727672552e+03,1.182436911200601592e+01
4.400000000000000000e+01,2.460017844425120259e+01,2.482383811331402867e+01,3.400514187431464961e+03,1.258091933268238805e+01,2.463518418699342050e+01,2.508574825028613375e+01,3.364711630786111982e+03,1.350688415855967683e+01
4.500000000000000000e+01,2.461524471646134060e+01,2.483047485200246740e+01,3.426717386891391470e+03,1.246276683746000380e+01,2.468085129548004275e+01,2.451002294379068402e+01,3.321625418429477577e+03,1.255613939085428399e+01
4.600000000000000000e+01,2.463050790448445326e+01,2.483719834425113504e+01,3.453262810614060072e+03,1.234440851178767495e+01,2.489193653786891147e+01,2.458686890142990578e+01,3.443298876232807743e+03,1.259819221801589073e+01
4.700000000000000000e+01,2.464596517269748333e+01,2.484400733914025494e+01,3.480154653087583029e+03,1.222582407934586968e+01,2.471304383732988796e+01,2.452375175171648536e+01,3.597925055342824180e+03,1.229816911780796218e+01
4.800000000000000000e+01,2.466161513517214843e+01,2.485090122467772034e+01,3.507397659350140657e+03,1.210699551469942037e+01,2.486528920409371679e+01,2.469207396667263410e+01,3.267414021936677727e+03,1.237621079435723281e+01
4.900000000000000000e+01,2.467745577277194613e+01,2.485787910983876259e+01,3.534996371808458662e+03,1.198790505049306176e+01,2.469772949361861336e+01,2.494580643104216122e+01,3.376278001646966004e+03,1.189578692855471154e+01
5.000000000000000000e+01,2.469348724410239981e+01,2.486494106358742684e+01,3.562956080122255571e+03,1.186853753612035511e+01,2.478022306370939631e+01,2.496977863214998195e+01,3.464309964339861381e+03,1.273140999402187923e+01
5.100000000000000000e+01,2.470971007892526572e+01,2.487208731847836418e+01,3.591282306877057636e+03,1.174887771159213123e+01,2.489909654667682659e+01,2.492734215434407474e+01,3.748707481214119525e+03,1.148072652897379164e+01
5.200000000000000000e+01,2.472612303686172197e+01,2.487931732665152751e+01,3.619980231906901281e+03,1.162890671037685841e+01,2.428897629090502264e+01,2.459676414987305293e+01,3.650669010665763381e+03,1.228723922108365585e+01
5.300000000000000000e+01,2.474272557758801838e+01,2.488663084884090893e+01,3.649055373707069521e+03,1.150860578051574379e+01,2.464682421268082635e+01,2.442461016151438002e+01,3.733054866696363206e+03,1.113781742229284966e+01
5.400000000000000000e+01,2.475952247810091578e+01,2.489402999005159600e+01,3.678514120369010925e+03,1.138797667471243003e+01,2.461841068181307790e+01,2.490490070712967352e+01,3.552691179154048314e+03,1.135366934364111913e+01
5.500000000000000000e+01,2.477651294587307618e+01,2.490151439978354730e+01,3.708362207833522007e+03,1.126699845479564921e+01,2.458484959140007220e+01,2.480715919305588102e+01,3.583812871928510503e+03,1.066310843378301421e+01
5.600000000000000000e+01,2.479369802163531133e+01,2.490908453576829729e+01,3.738605742515271231e+03,1.114565708287486956e+01,2.471115534626730792e+01,2.500096169011161962e+01,3.788831710502770420e+03,1.139923400045323909e+01
5.700000000000000000e+01,2.481108017744253047e+01,2.491674148665496702e+01,3.769251255225774912e+03,1.102394247210585831e+01,2.525956257081285017e+01,2.505713221189922280e+01,3.775840773076550704e+03,1.182049174281110915e+01
5.800000000000000000e+01,2.482866284873165696e+01,2.492448676573736321e+01,3.800305600666738428e+03,1.090184711143597873e+01,2.456891351402368429e+01,2.495213505214909944e+01,3.862866856865715818e+03,1.085968084915939436e+01
5.900000000000000000e+01,2.484644779029562045e+01,2.493232114545564926e+01,3.831775386798934505e+03,1.077935814701726081e+01,2.513693129667306536e+01,2.508434776253082177e+01,3.810201994283260319e+03,1.067324307399950101e+01
6.000000000000000000e+01,2.486443771321910035e+01,2.494024581976443855e+01,3.863667545118008093e+03,1.065646534310193339e+01,2.435957678173435781e+01,2.498608809458745128e+01,3.895907191781435813e+03,1.006257149121358907e+01
6.100000000000000000e+01,2.488263593174582411e+01,2.494826224848389984e+01,3.895989607014950707e+03,1.053315471135963932e+01,2.478217042275009163e+01,2.505427518960419420e+01,3.914470516358780969e+03,1.041239596165740622e+01
6.200000000000000000e+01,2.490104553708077972e+01,2.495637179307817632e+01,3.928748889730819428e+03,1.040941570834928243e+01,2.494987145661228212e+01,2.481543714050420135e+01,4.020418472720906720e+03,9.580412828983590146e+00
6.300000000000000000e+01,2.491966991134028930e+01,2.496457594322348328e+01,3.961953046202301266e+03,1.028523616509502681e+01,2.509553661074807351e+01,2.492865366045719000e+01,4.057872913831112783e+03,9.815777880929045907e+00
6.400000000000000000e+01,2.493851246569965951e+01,2.497287620141762332e+01,3.995609770324907913e+03,1.016060521367645109e+01,2.515188043963751596e+01,2.501223142074901418e+01,3.801438479300884410e+03,1.027581938780073045e+01
6.500000000000000000e+01,2.495757658180377803e+01,2.498127405716292060e+01,4.029726748815221526e+03,1.003551370678622945e+01,2.519558075236375672e+01,2.514537975224640576e+01,3.758050402538369781e+03,1.069736245805451524e+01
6.600000000000000000e+01,2.497686588823554388e+01,2.498977110872337448e+01,4.064312113959655562e+03,9.909948969285947484e+00,2.487224836656101346e+01,2.491102287427845852e+01,4.186454292603006252e+03,1.130190578322335782e+01
6.700000000000000000e+01,2.499638395304031135e+01,2.499836892768878727e+01,4.099374021421919679e+03,9.783899460389449132e+00,2.485767841524094024e+01,2.510260237883521128e+01,4.245441903179186738e+03,9.496944985524564231e+00
6.800000000000000000e+01,2.501613488813440966e+01,2.500706932525918091e+01,4.134920987306472853e+03,9.657353321895049802e+00,2.527352765251155731e+01,2.495390156687610528e+01,4.008315121001058742e+03,1.035041335867986589e+01
6.900000000000000000e+01,2.503612238624840458e+01,2.501587392791576292e+01,4.170961495373134312e+03,9.530298563711838256e+00,2.497873108878392046e+01,2.499236549445013722e+01,3.938242439320130416e+03,9.646450259405490613e+00
7.000000000000000000e+01,2.505635023879424139e+01,2.502478440558715889e+01,4.207504216402106067e+03,9.402722896262226016e+00,2.467364434179286548e+01,2.519068821399197233e+01,4.220004899210858639e+03,9.331615910708830341e+00
7.100000000000000000e+01,2.507682275768470959e+01,2.503380265763497547e+01,4.244558202777619044e+03,9.274613429187287039e+00,2.473683659348366604e+01,2.463519058342414425e+01,4.363088113651072490e+03,9.475220744755850077e+00
7.200000000000000000e+01,2.509754484609637970e+01,2.504293084405880165e+01,4.282132926607496302e+03,9.145956572909861748e+00,2.482170916029589591e+01,2.478363637844384826e+01,4.513059087403654303e+03,9.174270846454071204e+00
7.300000000000000000e+01,2.511852021260062884e+01,2.505217059814209790e+01,4.320237493373564575e+03,9.016738981333460856e+00,2.526766843581675914e+01,2.475573351865353544e+01,4.387153337235477920e+03,9.066509453458474255e+00
7.400000000000000000e+01,2.513975312718081767e+01,2.506152380064365204e+01,4.358881426777426896e+03,8.886946525582771983e+00,2.518248084800198683e+01,2.459480057667398967e+01,4.310273356634313132e+03,8.705504776449638271e+00
7.500000000000000000e+01,2.516124789247494675e+01,2.507099234667830601e+01,4.398074440050774683e+03,8.756564537865749287e+00,2.536839349869527638e+01,2.493533945864727031e+01,4.280232791298203665e+03,8.144432664513640674e+00
7.600000000000000000e+01,2.518300937637475201e+01,2.508057838056465627e+01,4.437826508976228070e+03,8.625580015105214216e+00,2.505483358247379044e+01,2.523046516051020305e+01,4.439351074348369366e+03,7.959846880220854182e+00
7.700000000000000000e+01,2.520504313348980574e+01,2.509028434938407415e+01,4.478147890668565196e+03,8.493982119065055514e+00,2.525260504081282065e+01,2.503330753610756076e+01,4.437943342594905516e+03,8.771414636963129396e+00
7.800000000000000000e+01,2.522735344782893918e+01,2.510011213990740941e+01,4.519048868109367504e+03,8.361754063205403043e+00,2.541503056601914068e+01,2.513967015629577872e+01,4.381434623996228765e+03,8.246069158077228067e+00
7.900000000000000000e+01,2.524994527778752484e+01,2.511006393623050315e+01,4.560540009499325606e+03,8.228881168432401694e+00,2.515714131587145275e+01,2.532790743557266211e+01,4.840842972962821477e+03,7.983623932377790666e+00
8.000000000000000000e+01,2.527282368450821792e+01,2.512014196771161778e+01,4.602632095600749381e+03,8.095348491405747637e+00,2.540985625577544127e+01,2.538567919416515650e+01,4.849126297103633988e+03,8.098791292028833411e+00
8.100000000000000000e+01,2.529599399005834215e+01,2.513034857865848437e+01,4.645336203176784693e+03,7.961140591998506544e+00,2.509741620773834825e+01,2.511652099171325503e+01,4.803656045525525769e+03,8.277568963327276208e+00
8.200000000000000000e+01,2.531946181602293322e+01,2.514068624533070917e+01,4.688663727517517145e+03,7.826241472937572219e+00,2.521054566205341274e+01,2.541140342324458956e+01,4.559136991757184660e+03,7.896820061494359777e+00
8.300000000000000000e+01,2.534323251338355121e+01,2.515115732476444776e+01,4.732626094903464036e+03,7.690635395885434988e+00,2.522871114518405378e+01,2.516958265645126858e+01,4.854020697877945167e+03,7.438361430016614761e+00
8.400000000000000000e+01,2.536731173403184769e+01,2.516176430656062379e+01,4.777235056587103827e+03,7.554306053768644169e+00,2.500855984035513657e+01,2.499428466179513109e+01,4.868904427784273139e+03,8.017495668696279054e+00
8.500000000000000000e+01,2.539170526622265101e+01,2.517250974039115974e+01,4.822502607844996419e+03,7.417236802903970805e+00,2.553779701045832695e+01,2.505362966995141250e+01,4.886527930649429436e+03,8.002896444470358972e+00
8.600000000000000000e+01,2.541641892462289931e+01,2.518339618755931753e+01,4.868440931744488807e+03,7.279410758404361026e+00,2.527559822256208122e+01,2.488728888504631342e+01,5.050958577856148622e+03,7.459414810274243912e+00
8.700000000000000000e+01,2.544145852489531023e+01,2.519442620980212411e+01,4.915062388296048994e+03,7.140810811539835434e+00,2.544520676051361718e+01,2.501679943905539361e+01,5.008749052502632367e+03,7.488448157970221786e+00
8.800000000000000000e+01,2.546683029149077626e+01,2.520560254894490626e+01,4.962379736189720461e+03,7.001419247146958291e+00,2.561105428916254922e+01,2.513399921133002124e+01,5.072546685711577084e+03,7.436193378440897561e+00
8.900000000000000000e+01,2.549254045370702570e+01,2.521692794894289591e+01,5.010405918722280148e+03,6.861218110455528318e+00,2.562649980651600856e+01,2.537764495281861699e+01,5.106140689078665673e+03,7.248911005271930996e+00
9.000000000000000000e+01,2.551859536497281411e+01,2.522840520843211820e+01,5.059154130637406524e+03,6.720189090857555669e+00,2.571821089766465107e+01,2.557255917466531514e+01,5.110877618421794978e+03,6.926532220394398642e+00
9.100000000000000000e+01,2.554500145605431882e+01,2.524003716009428189e+01,5.108637766329642545e+03,6.578313709542358723e+00,2.551545581070149282e+01,2.496360085701887499e+01,4.835283070998530093e+03,6.775119438684202855e+00
9.200000000000000000e+01,2.557176522367341676e+01,2.525182666563724609e+01,5.158870409115376788e+03,6.435573361782767066e+00,2.544477573006017224e+01,2.533039215928922872e+01,5.171812118170326357e+03,6.602789048932642402e+00
9.300000000000000000e+01,2.559889340182804318e+01,2.526377669134212667e+01,5.209866032382650701e+03,6.291948609316580843e+00,2.557497793855612400e+01,2.505566790351062068e+01,5.122935464565877737e+03,5.946728996550732838e+00
9.400000000000000000e+01,2.562639279108301693e+01,2.527589023278479274e+01,5.261638804090788653e+03,6.147419876595786370e+00,2.512019246089560909e+01,2.537082965047743244e+01,5.059616978717284837e+03,6.362801849719263991e+00
9.500000000000000000e+01,2.565427030826927890e+01,2.528817033675136727e+01,5.314203146876706342e+03,6.001967242364588451e+00,2.522013656654235447e+01,2.526195300661382248e+01,5.582328601999445709e+03,5.595089690292497586e+00
9.600000000000000000e+01,2.568253307080913217e+01,2.530062013841639867e+01,5.367573740768582866e+03,5.855570277634720711e+00,2.528572318710281053e+01,2.493443897324689118e+01,5.645989040458061936e+03,5.622928630031969632e+00
9.700000000000000000e+01,2.571118841796142718e+01,2.531324287070930978e+01,5.421765525440385318e+03,5.708208002085710220e+00,2.541201436968098193e+01,2.549890226902300583e+01,5.642846787204919565e+03,6.080259029650786573e+00
9.800000000000000000e+01,2.574024360440305870e+01,2.532604172921518426e+01,5.476793700081459974e+03,5.559859455613477053e+00,2.586017587242008986e+01,2.520504158665343653e+01,5.518726237089835195e+03,5.793434756431097732e+00
9.900000000000000000e+01,2.576970610665901518e+01,2.533902000727805870e+01,5.532673727726807556e+03,5.410503119331202093e+00,2.549806239005099684e+01,2.523223995960334776e+01,5.756850771407885077e+03,5.812881773632864402e+00
1.000000000000000000e+02,2.579958353470516030e+01,2.535218105702646341e+01,5.589421336713578057e+03,5.260117077809677077e+00,2.568613476849334276e+01,2.513823057476852441e+01,5.591442445858510837e+03,5.188665124547830132e+00
1.010000000000000000e+02,2.582988370246953735e+01,2.536552832049344275e+01,5.647052330310550133e+03,5.108679957467670008e+00,2.621965219180535556e+01,2.523467166515593263e+01,5.681408535363138071e+03,4.814356429395371784e+00
1.020000000000000000e+02,2.586061460720513594e+01,2.537906532051002628e+01,5.705582649436142674e+03,4.956170623246975104e+00,2.575373541588670889e+01,2.546464340864901033e+01,5.518415911067250818e+03,4.896588234604181800e+00
1.030000000000000000e+02,2.589178421076211478e+01,2.539279556415177197e+01,5.765028985556061343e+03,4.802565175968807054e+00,2.611303888130224138e+01,2.535494669596448958e+01,5.833688976879547226e+03,4.827065773718132391e+00
1.040000000000000000e+02,2.592340070221301573e+01,2.540672265866747637e+01,5.825408056731879697e+03,4.647840508605289855e+00,2.564331539821005279e+01,2.547245505912397334e+01,5.835961236950584862e+03,4.666196856381681357e+00
1.050000000000000000e+02,2.595547241457401100e+01,2.542085027471655323e+01,5.886736844339766321e+03,4.491973149263467135e+00,2.589384114721372043e+01,2.549323464550232288e+01,5.656685737993967450e+03,4.746596262784430031e+00
1.060000000000000000e+02,2.598800782626087269e+01,2.543518214701060742e+01,5.949032594457361483e+03,4.334939258766120851e+00,2.570300120978769698e+01,2.569931447811623926e+01,5.939895395849191118e+03,4.256634991347192809e+00
1.070000000000000000e+02,2.602101556254506320e+01,2.544972207495507277e+01,6.012312819250665598e+03,4.176714628232599757e+00,2.591930563977489399e+01,2.538116484478219803e+01,5.997932046885179261e+03,4.250232004633669902e+00
1.080000000000000000e+02,2.605450439700976162e+01,2.546447392329080728e+01,6.076595298360913148e+03,4.017274676659631005e+00,2.630659683824698192e+01,2.516910235992165923e+01,6.404286850373382549e+03,3.818695336055538903e+00
1.090000000000000000e+02,2.608848258930062869e+01,2.547944133063507977e+01,6.141895317092305959e+03,3.856603350772388250e+00,2.557028646234292424e+01,2.569288581394947713e+01,6.306660256738647149e+03,3.943438106943112142e+00
1.100000000000000000e+02,2.612295940127423322e+01,2.549462837674824556e+01,6.208231973906124949e+03,3.694672806056271241e+00,2.625328649433799200e+01,2.542833074232879298e+01,6.210363652133816686e+03,3.695247059848127957e+00
1.110000000000000000e+02,2.615794400999617864e+01,2.551003910413863451e+01,6.275623650239251219e+03,3.531458003808911617e+00,2.622926469069586375e+01,2.573295759305410968e+01,6.322462515997263836e+03,3.399061288066534736e+00
1.120000000000000000e+02,2.619344566922455542e+01,2.552567758913307117e+01,6.344088678131669440e+03,3.366934562276289178e+00,2.601520068251551621e+01,2.560235301176956568e+01,6.352503295552593045e+03,3.327233460760985029e+00
1.130000000000000000e+02,2.622947377165830574e+01,2.554154796927365467e+01,6.413645594709718353e+03,3.201077938826436764e+00,2.579565641534177090e+01,2.551532046323298530e+01,6.374603043169049670e+03,3.171599892874598314e+00
1.140000000000000000e+02,2.626603784946155073e+01,2.555765444354923233e+01,6.484313139694052552e+03,3.033863440027045666e+00,2.628767670177571247e+01,2.562740962235849196e+01,6.273749232730439871e+03,2.992882751525466123e+00
1.150000000000000000e+02,2.630314757478800303e+01,2.557400127262701517e+01,6.556110252907605172e+03,2.865266231723075929e+00,2.614429976206886153e+01,2.596420378465227685e+01,6.526400870002613374e+03,3.119034444039475940e+00
1.160000000000000000e+02,2.634081267160642170e+01,2.559059274009016960e+01,6.629055626440280321e+03,2.695262130683964585e+00,2.641061553501283399e+01,2.600598884590091942e+01,6.480677821056091489e+03,2.681995241587082024e+00
1.170000000000000000e+02,2.637904242784296116e+01,2.560743293777192520e+01,6.703165571259355602e+03,2.523831275223694881e+00,2.638559807149999514e+01,2.562130916479848253e+01,6.451733409047748864e+03,2.493053643685146259e+00
1.180000000000000000e+02,2.641784635962703121e+01,2.562452605709395215e+01,6.778458847296838030e+03,2.350949297005501926e+00,2.689838002702330755e+01,2.565656417575736725e+01,6.882417728249363790e+03,2.104399254290648003e+00
1.190000000000000000e+02,2.645723423107720862e+01,2.564187639953110676e+01,6.854954911513577827e+03,2.176590918598106938e+00,2.638542754283530201e+01,2.585712443102438485e+01,6.935417959582908225e+03,2.079274738514997445e+00
1.200000000000000000e+02,2.649721600940295474e+01,2.565948835579689558e+01,6.932672606113977963e+03,2.033417645812789054e+00,2.619016676161639623e+01,2.549035614924342497e+01,6.561072859537991462e+03,2.006670738641091578e+00
1.210000000000000000e+02,2.653780190132304995e+01,2.567736642218973842e+01,7.011630641338052556e+03,2.001845703180356928e+00,2.659158459180994427e+01,2.574398049671339095e+01,6.985824060433584236e+03,1.933197141539408692e+00
1.220000000000000000e+02,2.657900190017766917e+01,2.569551500102987163e+01,7.091847510202660487e+03,1.999022306911336644e+00,2.664500090536919785e+01,2.569034243143909890e+01,7.303688382037651536e+03,2.137125521950886675e+00
1.230000000000000000e+02,2.662082581713188389e+01,2.571393841441934214e+01,7.173341131944098379e+03,1.999612686959255869e+00,2.702858208970401321e+01,2.577672005671085387e+01,7.401286328368796603e+03,1.983122103547200199e+00
1.240000000000000000e+02,2.666328417642014514e+01,2.573264129860153204e+01,7.256130579032396781e+03,1.999909132345406793e+00,2.691381755019451916e+01,2.556596753741165173e+01,7.479438761575126591e+03,2.128747703381881351e+00
1.250000000000000000e+02,2.670638602499978731e+01,2.575162763910704911e+01,7.340231871457702255e+03,2.000002347915162737e+00,2.681344734274464159e+01,2.543371414044525380e+01,7.348800830303263865e+03,2.006172818564062155e+00
1.260000000000000000e+02,2.675013997719832304e+01,2.577090123091770124e+01,7.425659866333844548e+03,1.999998903687746798e+00,2.718913084456419327e+01,2.535630454371944253e+01,7.237409291019841476e+03,2.003721685289237886e+00
1.270000000000000000e+02,2.679455549226274513e+01,2.579046624127136411e+01,7.512430679763424450e+03,1.999986244848588557e+00,2.643792657596588924e+01,2.556698941867344388e+01,7.268194310215374571e+03,1.991106661147767687e+00
1.280000000000000000e+02,2.683964266264938203e+01,2.581032711640006028e+01,7.600561260083972229e+03,1.999969649222001156e+00,2.664771720282445600e+01,2.571859205941219528e+01,7.679136980756387857e+03,2.000349268623187182e+00
1.290000000000000000e+02,2.688541219735531840e+01,2.583048857415142763e+01,7.690069645404177209e+03,1.999980250065780618e+00,2.660743941493366194e+01,2.577185025682167563e+01,7.777570341785560231e+03,2.171858053066354266e+00
1.300000000000000000e+02,2.693187349599911684e+01,2.585095475559688438e+01,7.780971261663832593e+03,1.999991596105789693e+00,2.681493055505238488e+01,2.623840098808278753e+01,8.081471853173175987e+03,1.768031498118825651e+00
1.310000000000000000e+02,2.697903561936830741e+01,2.587172965267394531e+01,7.873280203926621652e+03,1.999999042360681045e+00,2.656602977510141628e+01,2.609292832665540374e+01,8.133093644099435551e+03,1.799844563754758209e+00
1.320000000000000000e+02,2.702690759097211171e+01,2.589281724089112657e+01,7.967010284954446433e+03,2.000003393830037890e+00,2.721745287501643418e+01,2.570039901762280010e+01,7.935406272957960027e+03,1.945686218552952429e+00
1.330000000000000000e+02,2.707549805918273833e+01,2.591422133054850718e+01,8.062174256289175901e+03,2.000005546364153286e+00,2.700883125005310603e+01,2.598376302103869762e+01,7.761244118106902533e+03,2.001458338586756369e+00
1.340000000000000000e+02,2.712481585331688905e+01,2.593594581170046709e+01,8.158785174437205569e+03,2.000003006594963217e+00,2.668357396496609013e+01,2.585453016443040042e+01,8.080679509254477125e+03,2.069013552814588763e+00
1.350000000000000000e+02,2.717486867624570479e+01,2.595799407850670093e+01,8.256851972796879636e+03,2.000001917728451595e+00,2.687019495188344109e+01,2.590112131089868086e+01,8.310661347379609651e+03,2.047310682893837885e+00
1.360000000000000000e+02,2.722566521332386813e+01,2.598036995759945000e+01,8.356387346033447102e+03,2.000000531747847532e+00,2.731971936755892827e+01,2.601743508748252509e+01,8.305726769794926440e+03,1.961575930243693699e+00
1.370000000000000000e+02,2.727721189694849357e+01,2.600307628367267654e+01,8.457396137970919881e+03,1.999999503853241656e+00,2.752864986731680830e+01,2.612691050706775542e+01,8.310771756036556326e+03,2.101903847897656608e+00
1.380000000000000000e+02,2.732951701013827872e+01,2.602611670624498785e+01,8.559889544956227837e+03,1.999999467183847468e+00,2.792853627764581503e+01,2.595826500946818527e+01,8.624829527468398737e+03,2.103018980053882991e+00
1.390000000000000000e+02,2.738258604172223087e+01,2.604949364447858429e+01,8.663869894526193093e+03,1.999999495810956374e+00,2.825674478152442859e+01,2.626226395102545652e+01,8.532883165408569766e+03,2.018405274298115781e+00
1.400000000000000000e+02,2.743642594983366934e+01,2.607321016451917473e+01,8.769344092339319104e+03,1.999999671983580640e+00,2.756074877981646765e+01,2.584482251929069463e+01,8.604112264311845138e+03,2.096265413443890058e+00
1.410000000000000000e+02,2.749104206358806124e+01,2.609726861518567986e+01,8.876314161211248575e+03,2.000000037262177344e+00,2.719418062757850052e+01,2.609853642765813220e+01,8.959250757321558922e+03,2.027264564113357981e+00
1.420000000000000000e+02,2.754643906759452676e+01,2.612167106149604834e+01,8.984780156464345055e+03,2.000000418130002622e+00,2.690682518337513329e+01,2.664120580681521488e+01,8.876425707754622636e+03,1.943852103713069379e+00
1.430000000000000000e+02,2.760262215932806740e+01,2.614641979430853880e+01,9.094743630746543204e+03,2.000000430859824707e+00,2.768293559803121795e+01,2.619103574283359492e+01,9.161345635853487693e+03,2.069782129792887115e+00
1.440000000000000000e+02,2.765959438234040846e+01,2.617151615600973358e+01,9.206199870267955703e+03,2.000000715662075379e+00,2.741571205374730980e+01,2.645815905733096685e+01,9.281654995460092323e+03,2.011062031878024126e+00
1.450000000000000000e+02,2.771735833585329445e+01,2.619696129333602741e+01,9.319142706082438963e+03,2.000001207699185102e+00,2.759275115779938758e+01,2.621526532897066986e+01,9.000587662143798298e+03,2.000135192455540167e+00
1.460000000000000000e+02,2.777591597156733982e+01,2.622275606789745694e+01,9.433563957799158743e+03,2.000001430553111970e+00,2.759228693184939729e+01,2.633891148696341489e+01,9.297369390165933510e+03,2.147296893128984863e+00
1.470000000000000000e+02,2.783526817717921276e+01,2.624890087170979314e+01,9.549456426651318907e+03,2.000001641473153846e+00,2.779303091125429859e+01,2.623754423283125448e+01,9.961356073820608799e+03,1.754914227467105015e+00
1.480000000000000000e+02,2.789541503518968568e+01,2.627539574293241031e+01,9.666807750305013542e+03,2.000001555988859092e+00,2.821520910442598051e+01,2.624131422669956848e+01,9.329799773099899539e+03,1.858233028677863441e+00
1.490000000000000000e+02,2.795635572752122755e+01,2.630224032298685444e+01,9.785603692785225576e+03,2.000000967017891984e+00,2.800347029775483065e+01,2.614634384364176967e+01,9.164221445019336898e+03,1.881293866984537821e+00
1.500000000000000000e+02,2.801808783888467502e+01,2.632943355150002063e+01,9.905822914898220915e+03,2.000000632038668069e+00,2.797049738777306871e+01,2.641549382329153062e+01,9.352529663408766282e+03,1.963674555802048749e+00
1.510000000000000000e+02,2.808060869968735318e+01,2.635697425461229315e+01,1.002744616813530592e+04,2.000000452663927675e+00,2.776991257383960843e+01,2.618666681677514063e+01,1.003620312080295116e+04,1.974539629924727979e+00
1.520000000000000000e+02,2.814391429254779098e+01,2.638486066498267135e+01,1.015045037659672744e+04,2.000000540531353899e+00,2.764150940913648213e+01,2.651797771224535794e+01,1.015986510549023842e+04,1.849267935016210451e+00
1.530000000000000000e+02,2.820799843549007946e+01,2.641309005905433693e+01,1.027481145956130240e+04,2.000000350610227962e+00,2.806210606276808051e+01,2.663014745994351884e+01,1.023855857860857759e+04,1.901484530108821236e+00
1.540000000000000000e+02,2.827285509436463329e+01,2.644165978116582139e+01,1.040050119687170081e+04,2.000000019971537757e+00,2.825672032911913689e+01,2.651496606261326860e+01,1.077934667994170923e+04,1.913915851259564205e+00
1.550000000000000000e+02,2.833847625245372726e+01,2.647056630262275689e+01,1.052748723170919766e+04,1.999999587793299227e+00,2.886885522652769254e+01,2.641331655591161720e+01,9.683340320700281154e+03,2.245741946352554308e+00
1.560000000000000000e+02,2.840485166604888789e+01,2.649980511660705673e+01,1.065572985462329234e+04,1.999999411309953512e+00,2.844393402249075464e+01,2.659059823246879617e+01,1.078229878681016635e+04,2.180173553051290458e+00
1.570000000000000000e+02,2.847197135103339960e+01,2.652937182697115404e+01,1.078519261770178855e+04,1.999999407693566766e+00,2.876679320434031695e+01,2.646763721586187046e+01,1.129040497071447317e+04,1.958824478119193246e+00
1.580000000000000000e+02,2.853982334239471541e+01,2.655926116622036659e+01,1.091583362101192324e+04,1.999999624198881110e+00,2.839003466283297072e+01,2.674637059131339711e+01,1.054651360529585872e+04,1.963641301999951461e+00
1.590000000000000000e+02,2.860839261806588851e+01,2.658946651750260060e+01,1.104760681117913555e+04,1.999999783462361513e+00,2.825290948814078007e+01,2.622318530065957631e+01,1.092172822098172765e+04,1.885079396185828093e+00
1.600000000000000000e+02,2.867766474490683848e+01,2.661998152659171879e+01,1.118046408178928505e+04,1.999999960472643279e+00,2.838812971623712755e+01,2.655286005296798990e+01,1.092793365064796308e+04,1.809186922921284246e+00
1.610000000000000000e+02,2.874762325545053798e+01,2.665079894207866928e+01,1.131435376216639088e+04,2.000000095495811259e+00,2.853005543608981043e+01,2.625263654305387107e+01,1.101078533563291239e+04,1.988312076296880448e+00
1.620000000000000000e+02,2.881824886195676427e+01,2.668191026820404588e+01,1.144922338585116086e+04,2.000000241811300761e+00,2.945678978168731277e+01,2.638289810215860598e+01,1.133715998851642689e+04,1.900215031422304079e+00
1.630000000000000000e+02,2.888952212071416525e+01,2.671330694221859403e+01,1.158501521527018485e+04,2.000000325905622045e+00,2.864310611694684994e+01,2.698607938818137697e+01,1.208113837720196170e+04,1.991515271356757655e+00
1.640000000000000000e+02,2.896142172828045247e+01,2.674497958148829468e+01,1.172166910360691691e+04,2.000000300822946553e+00,2.921296848940135504e+01,2.692401657788263236e+01,1.236778626237014942e+04,1.839979691849666921e+00
1.650000000000000000e+02,2.903392462397215112e+01,2.677691803422492356e+01,1.185912058534336211e+04,2.000000266210690825e+00,2.876304647054604402e+01,2.663302198756796457e+01,1.173960227197042332e+04,1.923802810237377647e+00
1.660000000000000000e+02,2.910700634222563465e+01,2.680911152744415205e+01,1.199730275964764769e+04,2.000000252423491442e+00,2.938647824608790771e+01,2.650861083623597381e+01,1.268297028455236614e+04,2.014862963829622711e+00
1.670000000000000000e+02,2.918064093958423655e+01,2.684154863643938427e+01,1.213614585786742282e+04,2.000000268402813752e+00,2.929612622941599653e+01,2.624864286887105536e+01,1.214909869728125523e+04,2.036621233095791794e+00
1.680000000000000000e+02,2.925480122435801889e+01,2.687421737830911184e+01,1.227558311008904093e+04,2.000000262080752211e+00,2.920780985506059224e+01,2.676551827672258455e+01,1.292141050851963519e+04,2.041747463425521936e+00
1.690000000000000000e+02,2.932945857195987216e+01,2.690710513650766700e+01,1.241554647313765781e+04,2.000000163184805224e+00,2.931722981411924067e+01,2.739118813895714766e+01,1.238079586151804142e+04,1.867951253994914573e+00
1.700000000000000000e+02,2.940458258056805363e+01,2.694019851959943068e+01,1.255595967324921003e+04,1.999999987900112464e+00,2.920814627193923485e+01,2.702717537389215963e+01,1.260532637661018271e+04,2.085468560396588789e+00
1.710000000000000000e+02,2.948014210449639805e+01,2.697348381813317886e+01,1.269674547679958050e+04,1.999999789552208584e+00,2.961396376494102256e+01,2.686156936092327996e+01,1.283595556752198900e+04,1.919978628312162705e+00
1.720000000000000000e+02,2.955610555013319640e+01,2.700694714894384774e+01,1.283782221983502677e+04,1.999999752521038454e+00,2.941961050603096339e+01,2.709996319084390848e+01,1.406210897179269341e+04,2.063285536150818444e+00
1.730000000000000000e+02,2.963243855951735384e+01,2.704057337921885917e+01,1.297910887518601703e+04,1.999999887089539019e+00,2.926475683038717790e+01,2.672838170861997042e+01,1.331057671997959187e+04,1.998936019487780547e+00
1.740000000000000000e+02,2.970910596784902680e+01,2.707434700738258471e+01,1.312052211617548346e+04,2.000000233124003213e+00,2.932572469555314143e+01,2.701488233484305823e+01,1.284213171895904452e+04,1.862361467172760188e+00
1.750000000000000000e+02,2.978607223728005238e+01,2.710825224908778708e+01,1.326200604711753294e+04,2.000000031286289115e+00,2.983784861259668730e+01,2.712814774369093485e+01,1.364753171557480709e+04,1.968380260333537857e+00
1.760000000000000000e+02,2.986330290296884016e+01,2.714227407629605793e+01,1.340347775893988364e+04,2.000000000933068289e+00,3.033703027989196954e+01,2.712505394593184960e+01,1.325798332804176061e+04,2.036536375156490664e+00
1.770000000000000000e+02,2.994076162511856154e+01,2.717639645378062596e+01,1.354485180449762447e+04,2.000000086666848809e+00,2.998875910919059251e+01,2.733455767811864234e+01,1.334584399503894929e+04,2.061296627370497792e+00
1.780000000000000000e+02,3.001841119875788166e+01,2.721060298130552013e+01,1.368605290113684532e+04,2.000000069723992357e+00,2.998281970092491733e+01,2.727953202655272946e+01,1.405910788946269349e+04,1.985901279488038629e+00
1.790000000000000000e+02,3.009621432195471868e+01,2.724487722279973312e+01,1.382700384831140036e+04,2.000000020338526863e+00,3.018196216383548247e+01,2.737854242642133329e+01,1.383989846456356463e+04,2.153177910956338703e+00
1.800000000000000000e+02,3.017413356585049300e+01,2.727920269157808519e+01,1.396762884996116918e+04,1.999999991025091850e+00,3.056593408836253900e+01,2.714152823513193269e+01,1.408436019937435231e+04,2.100751067671631667e+00
1.810000000000000000e+02,3.025213138610050478e+01,2.731356284825213976e+01,1.410785466124177037e+04,1.999999962177011037e+00,3.031794613650966141e+01,2.749312592993424786e+01,1.411377370556619462e+04,1.974334551022407069e+00
1.820000000000000000e+02,3.033017039423546990e+01,2.734794122228009883e+01,1.424760661816546781e+04,1.999999976740896468e+00,3.020689222498534932e+01,2.767372861180489707e+01,1.439147173763106002e+04,2.075012157082232633e+00
1.830000000000000000e+02,3.040821358298868660e+01,2.738232150960690348e+01,1.438681867886655891e+04,1.999999982392991038e+00,3.074010019600665444e+01,2.718829160567662129e+01,1.457023589820002780e+04,2.193379329209394157e+00
1.840000000000000000e+02,3.048622374336302343e+01,2.741668731838550954e+01,1.452541885262663891e+04,1.999999994265446279e+00,3.061485067490150769e+01,2.723914818724259845e+01,1.368136117258962986e+04,2.196048453781624055e+00
1.850000000000000000e+02,3.056416522782057399e+01,2.745102294310485291e+01,1.466334775681365318e+04,2.000000001824711937e+00,3.102489202541937274e+01,2.771817981036889833e+01,1.495657336216392105e+04,1.877200013630424991e+00
1.860000000000000000e+02,3.064200136962039878e+01,2.748531223023169545e+01,1.480053774854274161e+04,2.000000002529394028e+00,3.069697170078697113e+01,2.744704343289268422e+01,1.436450528375272916e+04,1.907346691296500696e+00
1.870000000000000000e+02,3.071969848374666867e+01,2.751954033843617609e+01,1.493693562205872513e+04,2.000000003317456532e+00,3.035235777423051928e+01,2.780030461684948762e+01,1.429062974199066957e+04,2.148491882237149486e+00
1.880000000000000000e+02,3.079722095738533127e+01,2.755369157799075808e+01,1.507247893620967807e+04,2.000000001307135733e+00,3.038677319761163176e+01,2.746518443561232203e+01,1.504606686892874313e+04,1.894171896154206225e+00
1.890000000000000000e+02,3.087453760359275989e+01,2.758775220792357885e+01,1.520712049550973643e+04,1.999999998255572287e+00,3.136981598326213572e+01,2.787876132317772004e+01,1.524543377261183741e+04,1.867745885041758314e+00
1.900000000000000000e+02,3.095161443852696337e+01,2.762170725559657214e+01,1.534080445319364298e+04,1.999999995943346764e+00,3.146871415476195111e+01,2.764800441895766170e+01,1.502163617946001250e+04,1.951380582972058075e+00
1.910000000000000000e+02,3.102842028392268858e+01,2.765554298357571739e+01,1.547348435774938662e+04,1.999999996029175220e+00,3.097456451993790694e+01,2.770718874824025590e+01,1.585925311126189081e+04,2.042022666893201777e+00
1.920000000000000000e+02,3.110492690168252494e+01,2.768924694874175074e+01,1.560512275356690225e+04,1.999999993562570744e+00,3.098997070534172948e+01,2.800219055307573157e+01,1.497677850672669047e+04,1.989760322934419623e+00
1.930000000000000000e+02,3.118110530562612581e+01,2.772280637866018083e+01,1.573568174605711465e+04,1.999999995106375161e+00,3.161953859329878469e+01,2.765045228317134729e+01,1.554357562648014209e+04,1.934943633224996518e+00
1.940000000000000000e+02,3.125692871074647528e+01,2.775620947152931350e+01,1.586512413857492902e+04,1.999999999382943594e+00,3.092481500613342860e+01,2.756798505234432284e+01,1.558675111589031985e+04,1.932578753231294133e+00
1.950000000000000000e+02,3.133237183868953579e+01,2.778944509029699006e+01,1.599341221881781894e+04,2.000000001113992454e+00,3.106395373300278706e+01,2.769973224869131911e+01,1.597105953625722213e+04,1.928766294633044609e+00
1.960000000000000000e+02,3.140741052446154669e+01,2.782250258626904937e+01,1.612051951200804433e+04,2.000000002635516250e+00,3.160040856286826028e+01,2.791296937639767606e+01,1.625538262626378310e+04,1.912049039653723748e+00
1.970000000000000000e+02,3.148202209453176792e+01,2.785537196869014309e+01,1.624641652081997927e+04,2.000000003615185040e+00,3.136364055767388948e+01,2.754222015425403924e+01,1.575517706078052106e+04,2.228163291755217212e+00
1.980000000000000000e+02,3.155618525138481445e+01,2.788804385296356614e+01,1.637107713660648733e+04,2.000000003577979246e+00,3.155464869136879358e+01,2.801553803349379024e+01,1.672679576404680120e+04,2.029751110749759224e+00
1.990000000000000000e+02,3.162988006708384958e+01,2.792050945776371051e+01,1.649447977554876343e+04,2.000000001814598694e+00,3.158084719752649505e+01,2.781275519424016096e+01,1.652565551425801459e+04,2.088675907335528326e+00
2.000000000000000000e+02,3.170308835379289292e+01,2.795276076664907094e+01,1.661660926915048549e+04,2.000000000176799908e+00,3.180436071843257295e+01,2.818232329879578302e+01,1.567347731966496758e+04,1.951092253360584117e+00
2.010000000000000000e+02,3.177579310977015226e+01,2.798479028663708590e+01,1.673745083051306574e+04,1.999999999015853014e+00,3.219803766816426815e+01,2.750593822565699043e+01,1.575399599259179377e+04,1.981404331306398481e+00
2.020000000000000000e+02,3.184797877462833782e+01,2.801659115958524637e+01,1.685699297694580309e+04,1.999999998865377826e+00,3.187515424669886244e+01,2.785927800456441261e+01,1.685076298991409203e+04,1.928644600768823159e+00
2.030000000000000000e+02,3.191963147709704174e+01,2.804815727417527427e+01,1.697522450131849109e+04,1.999999998141792412e+00,3.211281311508010106e+01,2.771086364392845525e+01,1.686269540651216448e+04,1.734829164896243281e+00
2.040000000000000000e+02,3.199073857350292727e+01,2.807948305722559112e+01,1.709214024809795228e+04,1.999999997517939221e+00,3.137568694319362095e+01,2.791423716395280152e+01,1.703911011552719719e+04,1.862199070004167734e+00
2.050000000000000000e+02,3.206128883219497538e+01,2.811056355812709384e+01,1.720773589754398927e+04,1.999999997059981327e+00,3.204667331161594035e+01,2.816009673834888360e+01,1.719329045589189627e+04,1.818938129328104614e+00
2.060000000000000000e+02,3.213127199083825758e+01,2.814139425142416329e+01,1.732200440728524700e+04,1.999999997411009645e+00,3.187830290975039560e+01,2.810554892633421176e+01,1.743921886330830603e+04,1.775021619907082293e+00
2.070000000000000000e+02,3.220067965578017066e+01,2.817197143673831761e+01,1.743494671232172186e+04,1.999999998614671259e+00,3.183503573765308303e+01,2.812129592294871472e+01,1.793061332581144961e+04,1.880464101267659283e+00
2.080000000000000000e+02,3.226950430892575383e+01,2.820229180140288605e+01,1.754656378802234394e+04,2.000000000241954901e+00,3.200605859884712601e+01,2.817045482712687487e+01,1.696168159744831792e+04,2.132495568196147051e+00
2.090000000000000000e+02,3.233773923394758043e+01,2.823235239034749000e+01,1.765685823316778988e+04,2.000000000743911155e+00,3.223750220173733538e+01,2.827303003847147878e+01,1.703605814509331321e+04,1.995556383971822889e+00
2.100000000000000000e+02,3.240537969566292986e+01,2.826215111648872025e+01,1.776583548373742087e+04,1.999999999783002469e+00,3.268015045836973087e+01,2.806044390810009759e+01,1.718312113004724961e+04,2.129056376001117190e+00
2.110000000000000000e+02,3.247242086877896838e+01,2.829168584540027709e+01,1.787349817977675048e+04,1.999999998766355036e+00,3.207450305345710007e+01,2.843305577358008662e+01,1.802841672551916054e+04,2.041098256431092217e+00
2.120000000000000000e+02,3.253885926753627444e+01,2.832095503413311732e+01,1.797985135157254990e+04,1.999999998762192588e+00,3.254804871531460009e+01,2.845348822821021528e+01,1.865137041583033715e+04,2.078255881285275386e+00
2.130000000000000000e+02,3.260469346599451512e+01,2.834995805513715439e+01,1.808490541471485994e+04,1.999999998945020119e+00,3.245944263599444213e+01,2.842696564266837456e+01,1.785088342644892691e+04,1.909910299462084016e+00
2.140000000000000000e+02,3.266992276702181641e+01,2.837869459768869262e+01,1.818867063554410561e+04,1.999999999468754064e+00,3.257162083871322977e+01,2.849000128623894668e+01,1.682359280071174726e+04,2.052395094874103432e+00
2.150000000000000000e+02,3.273454413670846463e+01,2.840716333302160379e+01,1.829115116405390290e+04,1.999999999795538885e+00,3.303537148429984427e+01,2.846644693318333452e+01,1.735611143307964448e+04,2.072871423195523644e+00
2.160000000000000000e+02,3.279855851257998012e+01,2.843536467242826760e+01,1.839235905917427226e+04,1.999999999999571454e+00,3.295999314368116018e+01,2.884237933297448109e+01,1.793271374372001083e+04,1.942335270776214706e+00
2.170000000000000000e+02,3.286196760774086556e+01,2.846329936995509158e+01,1.849230718330628588e+04,2.000000000106564091e+00,3.326318703997368686e+01,2.844588053574458897e+01,1.818289636592932948e+04,2.055954037171161985e+00
2.180000000000000000e+02,3.292477342035212473e+01,2.849096830612415587e+01,1.859100834711655261e+04,2.000000000072541972e+00,3.287842171657715795e+01,2.842955166245723930e+01,1.836323765577175072e+04,2.056618775932078869e+00
2.190000000000000000e+02,3.298697490424181211e+01,2.851837100949960302e+01,1.868847086469636270e+04,2.000000000103208997e+00,3.277819212074059863e+01,2.836766549342812738e+01,1.871010153047904896e+04,1.945044737987364769e+00
2.200000000000000000e+02,3.304857651558034348e+01,2.854550944594329920e+01,1.878471073629712191e+04,2.000000000097341690e+00,3.298141887051619392e+01,2.833905691182773268e+01,1.860902879686907181e+04,1.887723156864777652e+00
2.210000000000000000e+02,3.310958183363830898e+01,2.857238519031271906e+01,1.887974255513131720e+04,2.000000000062239547e+00,3.318233087101967271e+01,2.832349083279250479e+01,1.947408040613015692e+04,1.881587166868727179e+00
2.220000000000000000e+02,3.316999420993877834e+01,2.859899971840994581e+01,1.897358031374335405e+04,2.000000000010156320e+00,3.322296621747489098e+01,2.842124025576376312e+01,1.858878625445858052e+04,2.008650554202346505e+00
2.230000000000000000e+02,3.322981578628537136e+01,2.862535397582421481e+01,1.906623588332766667e+04,1.999999999959935382e+00,3.290449936461536140e+01,2.861121789949380201e+01,1.857300115467395153e+04,2.032700986838211765e+00
2.240000000000000000e+02,3.328905230651952962e+01,2.865145049064474492e+01,1.915772646521627757e+04,1.999999999929001016e+00,3.331619924100789376e+01,2.871830951634428786e+01,1.943295146255202417e+04,1.920747416886023018e+00
2.250000000000000000e+02,3.334770893422074067e+01,2.867729153712573975e+01,1.924806811416916753e+04,1.999999999940320405e+00,3.341617743326241197e+01,2.868751994883617229e+01,1.836132381934151636e+04,2.002658534072851104e+00
2.260000000000000000e+02,3.340578978981753977e+01,2.870287892963608556e+01,1.933727413665625136e+04,1.999999999964623631e+00,3.416103200107771443e+01,2.854977187415014228e+01,1.956334139669287106e+04,2.057053703577463200e+00
2.270000000000000000e+02,3.346329942358232756e+01,2.872821467199983303e+01,1.942535818748614838e+04,1.999999999971915354e+00,3.402635280696682685e+01,2.890825158480382484e+01,1.948512215730064054e+04,2.061819071437577033e+00
2.280000000000000000e+02,3.352024431104576507e+01,2.875330161671984186e+01,1.951233741356710379e+04,1.999999999983764098e+00,3.326427130587811831e+01,2.890118415118003270e+01,1.942602898519571318e+04,2.155188011994753072e+00
2.290000000000000000e+02,3.357663061305364494e+01,2.877814247754345445e+01,1.959822774494762780e+04,1.999999999994976463e+00,3.349041560458888966e+01,2.874621281605904954e+01,2.053204965104072835e+04,2.127698083214460301e+00
2.300000000000000000e+02,3.363246293617491034e+01,2.880273928321658872e+01,1.968304292172493297e+04,2.000000000011895818e+00,3.319343033562380896e+01,2.867215605428364711e+01,1.931563484616635105e+04,1.899870856735645930e+00
2.310000000000000000e+02,3.368774762971256820e+01,2.882709483056068578e+01,1.976679866013619903e+04,2.000000000029435121e+00,3.351053552552352244e+01,2.893678041472664475e+01,2.098856363363409400e+04,2.168358620985715302e+00
2.320000000000000000e+02,3.374249121738119328e+01,2.885121199326954766e+01,1.984951064403253258e+04,2.000000000040660808e+00,3.383717271845829799e+01,2.888880671076676876e+01,1.971526952550394708e+04,1.946902349584009650e+00
2.330000000000000000e+02,3.379670003527994027e+01,2.887509356235046099e+01,1.993119403219749802e+04,2.000000000037553072e+00,3.415845612154640776e+01,2.858546811046745262e+01,1.916762015578723731e+04,2.104487281284957767e+00
2.340000000000000000e+02,3.385038063858176827e+01,2.889874242535273652e+01,2.001186525222095588e+04,2.000000000031116443e+00,3.363165548725868348e+01,2.888514637415585540e+01,2.005384188922176327e+04,2.006798662636330999e+00
2.350000000000000000e+02,3.390353965717992679e+01,2.892216150274512643e+01,2.009154128180528642e+04,2.000000000041206150e+00,3.370729572515958949e+01,2.897456866516000318e+01,1.944283853565880781e+04,1.958785062194660309e+00
2.360000000000000000e+02,3.395618333395909616e+01,2.894535354442590958e+01,2.017023651768124910e+04,2.000000000050808691e+00,3.331199662503750147e+01,2.876541458712835819e+01,1.971534372006279955e+04,1.819230314068723153e+00
2.370000000000000000e+02,3.400831790926196163e+01,2.896832129915109988e+01,2.024796607650732767e+04,2.000000000055111915e+00,3.395951813309849143e+01,2.900628997771858764e+01,2.048913958020605060e+04,1.982843549033004305e+00
2.380000000000000000e+02,3.405994970628403706e+01,2.899106755230244659e+01,2.032474469463141941e+04,2.000000000050170534e+00,3.374122538272617078e+01,2.870010305525088867e+01,2.066350661789313745e+04,1.844061676515697856e+00
2.390000000000000000e+02,3.411108686493874131e+01,2.901359589089920377e+01,2.040058660825054903e+04,2.000000000060220273e+00,3.395225503672892131e+01,2.928083311090163932e+01,2.001980902663375673e+04,2.096729923647409954e+00
2.400000000000000000e+02,3.416173486513116586e+01,2.903590872847522419e+01,2.047550556601598873e+04,2.000000000067758243e+00,3.389867663168089251e+01,2.928549872548710908e+01,2.108203415231530016e+04,2.151679265786821560e+00
2.410000000000000000e+02,3.421189994086795139e+01,2.905800881142058145e+01,2.054951467336056157e+04,2.000000000067164940e+00,3.418362117459218297e+01,2.900750534455998775e+01,2.126310135310007900e+04,1.920308901134819557e+00
2.420000000000000000e+02,3.426158814145338738e+01,2.907989880480239009e+01,2.062262632965492594e+04,2.000000000050170534e+00,3.373426962404639795e+01,2.915258967237020471e+01,2.151123576232187770e+04,2.030197074302855231e+00
2.430000000000000000e+02,3.431080743007529321e+01,2.910158221592072891e+01,2.069486070794760235e+04,2.000000000041571635e+00,3.387069385645799713e+01,2.861959782276075259e+01,2.102354480946920376e+04,1.927460847839266300e+00
2.440000000000000000e+02,3.435956402989398129e+01,2.912306178623163433e+01,2.076623117324280975e+04,2.000000000037635672e+00,3.499833816350247417e+01,2.889179225417856856e+01,2.161562944794506257e+04,1.937151527022774156e+00
2.450000000000000000e+02,3.440786407273880343e+01,2.914434021690983556e+01,2.083675095865687399e+04,2.000000000034210412e+00,3.402163729835659467e+01,2.908558443287941131e+01,1.966105910524300998e+04,2.077449470422072064e+00
2.460000000000000000e+02,3.445571391268729400e+01,2.916542030683598696e+01,2.090643448915879708e+04,2.000000000032235548e+00,3.412667823915090537e+01,2.895099370255061544e+01,2.070704571618153204e+04,1.996146173847832106e+00
2.470000000000000000e+02,3.450312016954985239e+01,2.918630497294642367e+01,2.097529429197135687e+04,2.000000000030445424e+00,3.505419422804624929e+01,2.932918426947255597e+01,2.042972357984925839e+04,2.173964804226194758e+00
2.480000000000000000e+02,3.455008958569685262e+01,2.920699718673835221e+01,2.104334175892101121e+04,2.000000000026304292e+00,3.542160973646897304e+01,2.960645649288795056e+01,2.111860907518717067e+04,1.951776752155377936e+00
2.490000000000000000e+02,3.459662835591742436e+01,2.922749967698089790e+01,2.111059088736876220e+04,2.000000000020653257e+00,3.424515836726982343e+01,2.899217673309503596e+01,2.074868196698770407e+04,2.099933633269134070e+00
2.500000000000000000e+02,3.464274286279565729e+01,2.924781525599635401e+01,2.117705407674124217e+04,2.000000000012474022e+00,3.453226817575924912e+01,2.908032257517931640e+01,2.107149206861391940e+04,2.009741341308313167e+00
2.510000000000000000e+02,3.468843942899362531e+01,2.926794670940603638e+01,2.124274400165529005e+04,2.000000000001489919e+00,3.479090609427577618e+01,2.931503638306802273e+01,2.244222077605091545e+04,2.079577800975972224e+00
2.520000000000000000e+02,3.473372416826575204e+01,2.928789672763169705e+01,2.130767774709289370e+04,1.999999999995095701e+00,3.525233346158742620e+01,2.961011995733162294e+01,2.119918770521006445e+04,1.955284234262210763e+00
2.530000000000000000e+02,3.477860333899695888e+01,2.930766806873933206e+01,2.137186654252536391e+04,1.999999999991164179e+00,3.448254621546848853e+01,2.906319320623135027e+01,2.163717196790471280e+04,1.995044116236027953e+00
2.540000000000000000e+02,3.482308305923973535e+01,2.932726342734195413e+01,2.143532379385039530e+04,1.999999999991502575e+00,3.474949970545710443e+01,2.937707065180334354e+01,2.128596074502119518e+04,1.988450112061658226e+00
2.550000000000000000e+02,3.486716937398063010e+01,2.934668546565504954e+01,2.149806302133413556e+04,1.999999999998403499e+00,3.510037064679915630e+01,2.971094523581767177e+01,2.154689369241558961e+04,1.916394288513891597e+00
2.560000000000000000e+02,3.491086804635380503e+01,2.936593672654682408e+01,2.156009106221341426e+04,2.000000000003373302e+00,3.504129786869378904e+01,2.903558489691097222e+01,2.156398266755623263e+04,2.066208153461659869e+00
2.570000000000000000e+02,3.495418489589834365e+01,2.938501977397116605e+01,2.162141966102199149e+04,2.000000000006357137e+00,3.484133807452931109e+01,2.912880593260199902e+01,2.191222174425822959e+04,2.065024900564400134e+00
2.580000000000000000e+02,3.499712563250526642e+01,2.940393712378029534e+01,2.168206010858230729e+04,2.000000000006854517e+00,3.495697874315045084e+01,2.931921580248812731e+01,2.244004814950384025e+04,2.059355469497614610e+00
2.590000000000000000e+02,3.503969581740773975e+01,2.942269122734394315e+01,2.174202215129781325e+04,2.000000000002109868e+00,3.462722707489674434e+01,2.931857354477286037e+01,2.281655245493201073e+04,2.153696565394036533e+00
2.600000000000000000e+02,3.508190104963883726e+01,2.944128454903254166e+01,2.180131881687054192e+04,1.999999999995506705e+00,3.501044892644643625e+01,2.960380480658326974e+01,2.200382260040476103e+04,2.144934480118811493e+00
2.610000000000000000e+02,3.512374689418678742e+01,2.945971953613221217e+01,2.185996485411192771e+04,1.999999999993836708e+00,3.504383064718410168e+01,2.950805148009638046e+01,2.224658908036960929e+04,1.962505531009038684e+00
2.620000000000000000e+02,3.516523855496018314e+01,2.947799848246385679e+01,2.191796913432622023e+04,1.999999999993964606e+00,3.523488952184806067e+01,2.912300607053543189e+01,2.116123075062259886e+04,2.037305231837269748e+00
2.630000000000000000e+02,3.520638122863222463e+01,2.949612367561311643e+01,2.197534316397164730e+04,1.999999999997785327e+00,3.503978306298652257e+01,2.959920575619327821e+01,2.191740951685019172e+04,1.937639931072033139e+00
2.640000000000000000e+02,3.524718004663341020e+01,2.951409737558497071e+01,2.203209768258385157e+04,2.000000000006218137e+00,3.538864160339695530e+01,2.939858959811384054e+01,2.265359416279044308e+04,2.002335531617680964e+00
2.650000000000000000e+02,3.528764041428161136e+01,2.953192197501440575e+01,2.208823689663141340e+04,2.000000000008839596e+00,3.559145515962755724e+01,2.978681141840265312e+01,2.266206850954375841e+04,1.940025055096687989e+00
2.660000000000000000e+02,3.532776716127506234e+01,2.954959959811827375e+01,2.214377280819583029e+04,2.000000000009671819e+00,3.537439595957560101e+01,2.942408209083088977e+01,2.228434794360633168e+04,2.162007030924060214e+00
2.670000000000000000e+02,3.536756520250614955e+01,2.956713241280078819e+01,2.219871401051612338e+04,2.000000000007027712e+00,3.547309212502590725e+01,2.943980935618034067e+01,2.278901819078906556e+04,2.036369815041451758e+00
2.680000000000000000e+02,3.540703936569304489e+01,2.958452254934131886e+01,2.225306856911870273e+04,1.999999999998705258e+00,3.542298596996640470e+01,2.969274887150222497e+01,2.258070052591910644e+04,1.978197087188277248e+00
2.690000000000000000e+02,3.544619457636742510e+01,2.960177216361901742e+01,2.230685172453203631e+04,1.999999999993108846e+00,3.544621989429484898e+01,2.975435746008640336e+01,2.311010333634259587e+04,2.119361857178335029e+00
2.700000000000000000e+02,3.548503554517058234e+01,2.961888333052837652e+01,2.236007274671084815e+04,1.999999999990248023e+00,3.526856813510772781e+01,2.970850320331561889e+01,2.255417550069548815e+04,1.782938459011765397e+00
2.710000000000000000e+02,3.552356691400829192e+01,2.963585809395429038e+01,2.241274101104489819e+04,1.999999999990510258e+00,3.561851519251028719e+01,2.929873863047732740e+01,2.217357578429614296e+04,1.798589740504936918e+00
2.720000000000000000e+02,3.556179328655240113e+01,2.965269847728709962e+01,2.246486722965339504e+04,1.999999999996438182e+00,3.553260730702835701e+01,2.976030536527274961e+01,2.269120610707060405e+04,2.079583865518273900e+00
2.730000000000000000e+02,3.559971913789295428e+01,2.966940646054897357e+01,2.251645785199794773e+04,2.000000000004459544e+00,3.622766963057213019e+01,2.946254485021409408e+01,2.053685970964220905e+04,2.006046844816209873e+00
2.740000000000000000e+02,3.563734884282816751e+01,2.968598398715883846e+01,2.256751687878654411e+04,2.000000000007570389e+00,3.610935531357073813e+01,2.973303920947649104e+01,2.282674028834203273e+04,2.025044630033741022e+00
2.750000000000000000e+02,3.567468680757545485e+01,2.970243299400749848e+01,2.261805470782816701e+04,2.000000000008427925e+00,3.579044077334240370e+01,2.941768610692768604e+01,2.014245468150467059e+04,1.867360389676014254e+00
2.760000000000000000e+02,3.571173732544417589e+01,2.971875537931584077e+01,2.266807821108704957e+04,2.000000000004642509e+00,3.548282016253574511e+01,2.980801980882445434e+01,2.149605011169666977e+04,1.997676628919600628e+00
2.770000000000000000e+02,3.574850460866521473e+01,2.973495300137071595e+01,2.271759487682863619e+04,1.999999999995021982e+00,3.541478116707018842e+01,2.957363322050924026e+01,2.302548775845610362e+04,2.200350941034657559e+00
2.780000000000000000e+02,3.578499270899067852e+01,2.975102760436177007e+01,2.276662070063224019e+04,1.999999999991970867e+00,3.614233559491734127e+01,2.949450067430966627e+01,2.309277257948156330e+04,2.082419961971226474e+00
2.790000000000000000e+02,3.582120571613204163e+01,2.976698100296523464e+01,2.281516058303476530e+04,1.999999999990667909e+00,3.590003048367618277e+01,2.990974503026171405e+01,2.201953060447775351e+04,2.016970654504870009e+00
2.800000000000000000e+02,3.585714760315565286e+01,2.978281493814416692e+01,2.286322366234135916e+04,1.999999999993171018e+00,3.600119062417313387e+01,2.983114384247951634e+01,2.237479521472471606e+04,1.956094608982827054e+00
2.810000000000000000e+02,3.589282226664050768e+01,2.979853111432793256e+01,2.291081937483114962e+04,2.000000000002216893e+00,3.536944647054824742e+01,2.967573575404935227e+01,2.385282588590937667e+04,1.960542714815233678e+00
2.820000000000000000e+02,3.592823352348154486e+01,2.981413126420636317e+01,2.295794835398508440e+04,2.000000000007874146e+00,3.620646506794899722e+01,3.010436703401057557e+01,2.262457819111254139e+04,1.787080211087034076e+00
2.830000000000000000e+02,3.596338511579600095e+01,2.982961703791409391e+01,2.300461798788331726e+04,2.000000000010367263e+00,3.609971121726030674e+01,2.974148655360014715e+01,2.455254373680615390e+04,2.025764042102617069e+00
2.840000000000000000e+02,3.599828070835823723e+01,2.984499005413856665e+01,2.305083524016702722e+04,2.000000000009546586e+00,3.566515150303389703e+01,2.985141158893275204e+01,2.304950761358943055e+04,2.084548310858135522e+00
2.850000000000000000e+02,3.603292388791872014e+01,2.986025191039479765e+01,2.309660520457663733e+04,2.000000000002772005e+00,3.589146644568373290e+01,2.991403459993051683e+01,2.337933271917498132e+04,1.842438067285491865e+00
2.860000000000000000e+02,3.606731822671711285e+01,2.987540414995455507e+01,2.314193755985724056e+04,1.999999999993901101e+00,3.614643338802407158e+01,2.975147096312883122e+01,2.426446575102283896e+04,1.933858310763421073e+00
2.870000000000000000e+02,3.610146725805422818e+01,2.989044827163500884e+01,2.318684449927124660e+04,1.999999999990438315e+00,3.611720729756110160e+01,2.998467553031499477e+01,2.327798766032218555e+04,1.884253536767649395e+00
2.880000000000000000e+02,3.613537435523929986e+01,2.990538577715339841e+01,2.323133061761482531e+04,1.999999999989618304e+00,3.604772299949823378e+01,2.979869530772045394e+01,2.253275708537470200e+04,1.903464880509243118e+00
2.890000000000000000e+02,3.616904286852747674e+01,2.992021811817951971e+01,2.327540427190304399e+04,1.999999999994033661e+00,3.613799638810768755e+01,2.983789045373627857e+01,2.319878574796573594e+04,2.005348162676207746e+00
2.900000000000000000e+02,3.620247608982716514e+01,2.993494673588557120e+01,2.331907276045667822e+04,2.000000000004944489e+00,3.612688287636510154e+01,3.020747526384623782e+01,2.329416048000857336e+04,1.791559784505581732e+00
2.910000000000000000e+02,3.623567728028381651e+01,2.994957321434855402e+01,2.336233273767885112e+04,2.000000000008741896e+00,3.628144603391455547e+01,2.974145600384606780e+01,2.240582628028777253e+04,2.061427043844716867e+00
2.920000000000000000e+02,3.626864960664767779e+01,2.996409890223451811e+01,2.340519403901650730e+04,2.000000000010575540e+00,3.671009719854562547e+01,2.948154283604862158e+01,2.322556006088244249e+04,2.075385507004342767e+00
2.930000000000000000e+02,3.630139619355146152e+01,2.997852521014761606e+01,2.344766105093824808e+04,2.000000000008048229e+00,3.553139866127207114e+01,3.030071260914999343e+01,2.292558099129610855e+04,1.974889741204255866e+00
2.940000000000000000e+02,3.633392011184324133e+01,2.999285353523079678e+01,2.348973750232708335e+04,1.999999999997976952e+00,3.626286503249033899e+01,3.050271912575219702e+01,2.414112513456426313e+04,1.751929148999773700e+00
2.950000000000000000e+02,3.636622437374290229e+01,3.000708503217977707e+01,2.353143694979893917e+04,1.999999999991123101e+00,3.641917810015463886e+01,2.992603117908991095e+01,2.355587096385207769e+04,1.900358137391326530e+00
2.960000000000000000e+02,3.639831194530264469e+01,3.002122100604171351e+01,2.357276485257082822e+04,1.999999999986992627e+00,3.648711014220877757e+01,2.963385339791767592e+01,2.337277652169196153e+04,2.123290193396460079e+00
2.970000000000000000e+02,3.643018574291039613e+01,3.003526273163149440e+01,2.361372684619315987e+04,1.999999999985455634e+00,3.631861136851400573e+01,2.997316593639230575e+01,2.353850631302146940e+04,1.722200571914618505e+00
2.980000000000000000e+02,3.646184863381940744e+01,3.004921141761568393e+01,2.365433040615638674e+04,1.999999999989083177e+00,3.593483209907583387e+01,2.999196682764754840e+01,2.381266446448442730e+04,1.965247658769920802e+00
2.990000000000000000e+02,3.649330340684599605e+01,3.006306836616037259e+01,2.369457890300227518e+04,1.999999999995127231e+00,3.659170205196022607e+01,3.002508359795591986e+01,2.413303348469352568e+04,1.881999922148688942e+00
3.000000000000000000e+02,3.652455278598878863e+01,3.007683492254733437e+01,2.373447341934996439e+04,1.999999999997932765e+00,3.704275785023804701e+01,2.985415731416296481e+01,2.302264411979938814e+04,2.080457030156333431e+00
3.010000000000000000e+02,3.655559949234506689e+01,3.009051222760667699e+01,2.377402155298403522e+04,2.000000000000661249e+00,3.609544107087022269e+01,3.020642445610197413e+01,2.303113974816624250e+04,1.932488604786292585e+00
3.020000000000000000e+02,3.658644617702672264e+01,3.010410149682221359e+01,2.381322756033047335e+04,2.000000000002166267e+00,3.684559458113617580e+01,3.020900297187943195e+01,2.460240688645690534e+04,2.040395402075771525e+00
3.030000000000000000e+02,3.661709543934003364e+01,3.011760390289214939e+01,2.385209581315069227e+04,2.000000000001581846e+00,3.651853787240316507e+01,2.981872277892828649e+01,2.355704285565702958e+04,2.056546041918536183e+00
3.040000000000000000e+02,3.664754980887573765e+01,3.013102034347859615e+01,2.389063433901137250e+04,2.000000000002950973e+00,3.662915250512708099e+01,3.027085968981757347e+01,2.287515664850082248e+04,2.183622583976223996e+00
3.050000000000000000e+02,3.667781179228342125e+01,3.014435202017076421e+01,2.392884596205383787e+04,2.000000000003635758e+00,3.636194223907223488e+01,3.055488901655994383e+01,2.424744374081874048e+04,1.979705805636061910e+00
3.060000000000000000e+02,3.670788383784734776e+01,3.015759998658748842e+01,2.396673520085042765e+04,2.000000000003338663e+00,3.660754698614058356e+01,3.019199205307490175e+01,2.429989904408806979e+04,2.037604436965662291e+00
3.070000000000000000e+02,3.673776834540989711e+01,3.017076526519022650e+01,2.400430647330980719e+04,2.000000000001750156e+00,3.712778172381958797e+01,3.010330023277652600e+01,2.290199372855297042e+04,1.851494452088876752e+00
3.080000000000000000e+02,3.676746774486910141e+01,3.018384912606586568e+01,2.404156615078023606e+04,2.000000000000964562e+00,3.694226431746541550e+01,3.015544848318436166e+01,2.420707914606162012e+04,2.119041356330396031e+00
3.090000000000000000e+02,3.679698433128105250e+01,3.019685249276109218e+01,2.407851821905959150e+04,2.000000000000377476e+00,3.731667781290403241e+01,3.031990384615480494e+01,2.460987074583965659e+04,1.923949115193226644e+00
3.100000000000000000e+02,3.682632036349289706e+01,3.020977629530180408e+01,2.411516686706240216e+04,1.999999999999731104e+00,3.717954393018620607e+01,2.986364197420035893e+01,2.438601861973232371e+04,1.943924583590964206e+00
3.110000000000000000e+02,3.685547806687715422e+01,3.022262147995036585e+01,2.415151655850096722e+04,1.999999999999196421e+00,3.698720407055602521e+01,3.025549962054582664e+01,2.460941589659284728e+04,1.997775220514276251e+00
3.120000000000000000e+02,3.688445962088094632e+01,3.023538896452813418e+01,2.418757170478711851e+04,1.999999999998985922e+00,3.740763997873128233e+01,3.015729617463557233e+01,2.316859591970051770e+04,1.843711565465080193e+00
3.130000000000000000e+02,3.691326715902599176e+01,3.024807963841542602e+01,2.422333666503220229e+04,1.999999999999358513e+00,3.704496510664748143e+01,3.061764464100663474e+01,2.446390357875571863e+04,2.022877002892244924e+00
3.140000000000000000e+02,3.694190295276995073e+01,3.026069481331355249e+01,2.425881482557462368e+04,1.999999999999039657e+00,3.719029940580907123e+01,3.022586026655256219e+01,2.403857892434801761e+04,2.096746627291494303e+00
3.150000000000000000e+02,3.697036903034293687e+01,3.027323528876878811e+01,2.429401050821396348e+04,1.999999999998491873e+00,3.688139774428252338e+01,3.060681281099269313e+01,2.394214323253439943e+04,2.029293382348198893e+00
3.160000000000000000e+02,3.699866738777834740e+01,3.028570186954416954e+01,2.432892791371902786e+04,1.999999999998103073e+00,3.701863113253610749e+01,3.006495372998776716e+01,2.496431845371271265e+04,1.841110243580381223e+00
3.170000000000000000e+02,3.702680001267005849e+01,3.029809542386366061e+01,2.436357100289093432e+04,1.999999999997984279e+00,3.681757286567997767e+01,3.041554725722421892e+01,2.544478329009828303e+04,1.987619070565030732e+00
3.180000000000000000e+02,3.705476885001897358e+01,3.031041679968009817e+01,2.439794366754712246e+04,1.999999999998262501e+00,3.735164403039743064e+01,3.037429685243834498e+01,2.571131185287331391e+04,2.074202890296147128e+00
3.190000000000000000e+02,3.708257580223304473e+01,3.032266682467520269e+01,2.443204973052132846e+04,1.999999999999080069e+00,3.672908471529858332e+01,3.014885737510224573e+01,2.539575326960272650e+04,1.812201123402575664e+00
3.200000000000000000e+02,3.711022296192187753e+01,3.033484648414163942e+01,2.446589246368683962e+04,1.999999999999485745e+00,3.734492806464717773e+01,3.037032570706902845e+01,2.438535012306619683e+04,1.892523398617741881e+00
3.210000000000000000e+02,3.713771214100761142e+01,3.034695656116914719e+01,2.449947556288281703e+04,1.999999999999678257e+00,3.708051682375606362e+01,3.058946032853546626e+01,2.475871933332081608e+04,2.087654360407816156e+00
3.220000000000000000e+02,3.716504510955017793e+01,3.035899781913479600e+01,2.453280265345162479e+04,1.999999999999868550e+00,3.751641923759037667e+01,3.029423947827747554e+01,2.509717207896070249e+04,2.027009543419595605e+00
3.230000000000000000e+02,3.719222364905522227e+01,3.037097104243631307e+01,2.456587717987065116e+04,2.000000000000026201e+00,3.741748434567460180e+01,3.003257851260235967e+01,2.465518245845262572e+04,2.041197158212701979e+00
3.240000000000000000e+02,3.721924950280854461e+01,3.038287699854188872e+01,2.459870250857940118e+04,2.000000000000115019e+00,3.776544335010258635e+01,3.037936443324640123e+01,2.469520138929576206e+04,2.185949480762456876e+00
3.250000000000000000e+02,3.724612437587614266e+01,3.039471643799019063e+01,2.463128192797950760e+04,2.000000000000093259e+00,3.746535678321773588e+01,3.021423181903168853e+01,2.523998479688846055e+04,2.046855277850715638e+00
3.260000000000000000e+02,3.727285016610724000e+01,3.040649020069760056e+01,2.466361928104205435e+04,2.000000000000148770e+00,3.680123808941127095e+01,3.033802201296482437e+01,2.461975554269536224e+04,2.065788801043471512e+00
3.270000000000000000e+02,3.729942850920281217e+01,3.041819900659947251e+01,2.469571771946694207e+04,2.000000000000236255e+00,3.727934255733335078e+01,3.040188145266244746e+01,2.415540978995157639e+04,2.271074552722101014e+00
3.280000000000000000e+02,3.732586098584928180e+01,3.042984355097272697e+01,2.472758027092338671e+04,2.000000000000289990e+00,3.697425882807083752e+01,3.008871310776962460e+01,2.442011279075562925e+04,1.978619544191237756e+00
3.290000000000000000e+02,3.735214919905410369e+01,3.044142454002554032e+01,2.475921005083529235e+04,2.000000000000298428e+00,3.719666524634422444e+01,3.011829287216140472e+01,2.523006365670671221e+04,1.920211723638436840e+00
3.300000000000000000e+02,3.737829471810675130e+01,3.045294266510833125e+01,2.479061010891706246e+04,2.000000000000250022e+00,3.783166324808976810e+01,3.054935603221343499e+01,2.479283627436947791e+04,2.042779639824968463e+00
3.310000000000000000e+02,3.740429907857871683e+01,3.046439860271370748e+01,2.482178342917360351e+04,2.000000000000133671e+00,3.759555922184802768e+01,3.035985486347977158e+01,2.507512198016170441e+04,2.043899102939026324e+00
3.320000000000000000e+02,3.743016390521395920e+01,3.047579306872381721e+01,2.485273317780846264e+04,2.000000000000013767e+00,3.722048477664033328e+01,2.996284420035970442e+01,2.535233219624163758e+04,1.947328460805392458e+00
3.330000000000000000e+02,3.745589070087925165e+01,3.048712672524704814e+01,2.488346227747129160e+04,1.999999999999899858e+00,3.715177549094713072e+01,3.064409553256867369e+01,2.460364167540994822e+04,1.896760298044420257e+00
3.340000000000000000e+02,3.748148090934127197e+01,3.049840020832962395e+01,2.491397353389855562e+04,1.999999999999783729e+00,3.749131553720415155e+01,3.055287415938447282e+01,2.547920793591052279e+04,2.230984442208766794e+00
3.350000000000000000e+02,3.750693597659667944e+01,3.050961415502844076e+01,2.494426975963551740e+04,1.999999999999679812e+00,3.714196793178233946e+01,3.036683919022114253e+01,2.522776832254878173e+04,2.032684347038476780e+00
3.360000000000000000e+02,3.753225731978053403e+01,3.052076918968633379e+01,2.497435371131470311e+04,1.999999999999604317e+00,3.733091523656155886e+01,3.025740314747468673e+01,2.404919394731807188e+04,1.926771461859411172e+00
